name,state
TotalEnergies VI,Lagos
TotalEnergies Ajah,Lagos
TotalEnergies Lekki Phase 1,Lagos
TotalEnergies Ikoyi,Lagos
TotalEnergies Yaba,Lagos
TotalEnergies Surulere,Lagos
TotalEnergies Ikeja GRA,Lagos
TotalEnergies Ogba,Lagos
TotalEnergies Apapa,Lagos
TotalEnergies Maryland,Lagos
NNPC Ikeja,Lagos
NNPC Maryland,Lagos
NNPC Ojota,Lagos
NNPC Lekki,Lagos
NNPC Agege,Lagos
NNPC Yaba,Lagos
NNPC Ikorodu Road,Lagos
NNPC Festac,Lagos
NNPC Abule Egba,Lagos
NNPC Surulere,Lagos
Oando Lekki Phase 1,Lagos
Oando Ikoyi,Lagos
Oando Victoria Island,Lagos
Oando Yaba,Lagos
Oando Surulere,Lagos
Oando Ogudu,Lagos
Oando Alausa,Lagos
Oando Apapa,Lagos
Oando Anthony,Lagos
Oando Festac,Lagos
MRS Surulere,Lagos
MRS Apapa,Lagos
MRS Marina,Lagos
MRS Ojuelegba,Lagos
MRS Chevron Drive,Lagos
MRS Ikorodu,Lagos
MRS Ikeja,Lagos
MRS Yaba,Lagos
MRS Festac,Lagos
MRS Lekki,Lagos
Conoil Marina,Lagos
Conoil Ikoyi,Lagos
Conoil Victoria Island,Lagos
Conoil Ikeja,Lagos
Conoil Apapa,Lagos
Conoil Yaba,Lagos
Conoil Ajah,Lagos
Conoil Ojota,Lagos
Conoil Ilupeju,Lagos
Conoil Maryland,Lagos
Mobil Yaba,Lagos
Mobil Lekki,Lagos
Mobil Ajah,Lagos
Mobil Ikeja,Lagos
Mobil Ikorodu Road,Lagos
Mobil Festac,Lagos
Mobil Victoria Island,Lagos
Mobil Apapa,Lagos
Mobil Maryland,Lagos
Mobil Surulere,Lagos
Enyo Ikoyi,Lagos
Enyo Lekki,Lagos
Enyo Victoria Island,Lagos
Enyo Chevron,Lagos
Enyo Sangotedo,Lagos
Enyo Yaba,Lagos
Enyo Oregun,Lagos
Enyo Gbagada,Lagos
Enyo Surulere,Lagos
Enyo Festac,Lagos
Ardova Apapa,Lagos
Ardova Ilupeju,Lagos
Ardova Ikeja,Lagos
Ardova Lekki,Lagos
Ardova Ajah,Lagos
Ardova Yaba,Lagos
Ardova Surulere,Lagos
Ardova Victoria Island,Lagos
Ardova Ikorodu,Lagos
Ardova Gbagada,Lagos
Eterna Lekki,Lagos
Eterna Yaba,Lagos
Eterna Surulere,Lagos
Eterna Ikeja,Lagos
Eterna Victoria Island,Lagos
Rainoil Lekki,Lagos
Rainoil Ikorodu,Lagos
Rainoil Yaba,Lagos
Rainoil Egbeda,Lagos
Rainoil Ajah,Lagos
Bovas Lekki,Lagos
Bovas Ajah,Lagos
Bovas Yaba,Lagos
Bovas Ikeja,Lagos
Bovas Alimosho,Lagos
Northwest Egbeda,Lagos
Northwest Ikotun,Lagos
Northwest Oshodi,Lagos
Northwest Abule Egba,Lagos
Northwest Surulere,Lagos
Matrix Apapa,Lagos
Matrix Egbeda,Lagos
Matrix Oshodi,Lagos
Matrix Mushin,Lagos
Matrix Ajah,Lagos
AA Rano Ajah,Lagos
AA Rano Lekki,Lagos
AA Rano Ikorodu,Lagos
AA Rano Iyana Ipaja,Lagos
AYM Shafa Ikorodu Road,Lagos
AYM Shafa Agege,Lagos
AYM Shafa Badagry Expressway,Lagos
AYM Shafa Ojota,Lagos
Nipco Apapa,Lagos
Nipco Ijegun,Lagos
Nipco Satellite Town,Lagos
Nipco Festac,Lagos
Ascon Lekki,Lagos
Ascon Victoria Island,Lagos
Ascon Ikoyi,Lagos
